#
# The purpose of this test is to test alter tables
#
# Basic Alter Column Name ALGORITHM=COPY
CREATE TABLE t1 (
column1 integer,
column2 varchar(255)
) ENGINE=crunch CONSOLIDATION_THRESHOLD=20;
INSERT INTO t1 VALUES (1,'aHR0cHM6Ly9naXRodWIuY29tL1NoZWxudXR0Mi9jcnVuY2g='), (3,'dmFsdWUy'), (5,'dmFsdWU');
select column2 FROM t1 ORDER BY column1;
column2
aHR0cHM6Ly9naXRodWIuY29tL1NoZWxudXR0Mi9jcnVuY2g=
dmFsdWUy
dmFsdWU
ALTER TABLE t1 CHANGE COLUMN column2 column2New varchar(255), ALGORITHM=COPY;
select column2New FROM t1 ORDER BY column1;
column2New
aHR0cHM6Ly9naXRodWIuY29tL1NoZWxudXR0Mi9jcnVuY2g=
dmFsdWUy
dmFsdWU
show create table t1;
Table	Create Table
t1	CREATE TABLE `t1` (
  `column1` int(11) DEFAULT NULL,
  `column2New` varchar(255) DEFAULT NULL
) ENGINE=Crunch DEFAULT CHARSET=latin1 `CONSOLIDATION_THRESHOLD`=20
# Basic Alter Column Shrink Varchar ALGORITHM=COPY
ALTER TABLE t1 MODIFY COLUMN column2New varchar(1), ALGORITHM=COPY;
Warnings:
Warning	1265	Data truncated for column 'column2New' at row 1
Warning	1265	Data truncated for column 'column2New' at row 2
Warning	1265	Data truncated for column 'column2New' at row 3
select column2New FROM t1 ORDER BY column1;
column2New
a
d
d
show create table t1;
Table	Create Table
t1	CREATE TABLE `t1` (
  `column1` int(11) DEFAULT NULL,
  `column2New` varchar(1) DEFAULT NULL
) ENGINE=Crunch DEFAULT CHARSET=latin1 `CONSOLIDATION_THRESHOLD`=20
# Basic Rename Table
RENAME TABLE t1 TO t1New;
show create table t1New;
Table	Create Table
t1New	CREATE TABLE `t1New` (
  `column1` int(11) DEFAULT NULL,
  `column2New` varchar(1) DEFAULT NULL
) ENGINE=Crunch DEFAULT CHARSET=latin1 `CONSOLIDATION_THRESHOLD`=20
# Alter Table options
ALTER TABLE t1New CONSOLIDATION_THRESHOLD=2, ALGORITHM=COPY;
show create table t1New;
Table	Create Table
t1New	CREATE TABLE `t1New` (
  `column1` int(11) DEFAULT NULL,
  `column2New` varchar(1) DEFAULT NULL
) ENGINE=Crunch DEFAULT CHARSET=latin1 `CONSOLIDATION_THRESHOLD`=2
DROP TABLE t1New;
# Alter Column Name ALGORITHM=INPLACE
CREATE TABLE t1 (
column1 integer,
column2 varchar(255)
) ENGINE=crunch CONSOLIDATION_THRESHOLD=20;
INSERT INTO t1 VALUES (1,'aHR0cHM6Ly9naXRodWIuY29tL1NoZWxudXR0Mi9jcnVuY2g='), (3,'dmFsdWUy'), (5,'dmFsdWU');
select column2 FROM t1 ORDER BY column1;
column2
aHR0cHM6Ly9naXRodWIuY29tL1NoZWxudXR0Mi9jcnVuY2g=
dmFsdWUy
dmFsdWU
ALTER TABLE t1 CHANGE COLUMN column2 column2New varchar(255), ALGORITHM=INPLACE;
select column2New FROM t1 ORDER BY column1;
column2New
aHR0cHM6Ly9naXRodWIuY29tL1NoZWxudXR0Mi9jcnVuY2g=
dmFsdWUy
dmFsdWU
show create table t1;
Table	Create Table
t1	CREATE TABLE `t1` (
  `column1` int(11) DEFAULT NULL,
  `column2New` varchar(255) DEFAULT NULL
) ENGINE=Crunch DEFAULT CHARSET=latin1 `CONSOLIDATION_THRESHOLD`=20
DROP TABLE t1;
# Add New Column ALGORITHM=INPLACE
CREATE TABLE t1 (
column1 integer,
column2 varchar(255)
) ENGINE=crunch CONSOLIDATION_THRESHOLD=20;
INSERT INTO t1 VALUES (1,'aHR0cHM6Ly9naXRodWIuY29tL1NoZWxudXR0Mi9jcnVuY2g='), (3,'dmFsdWUy'), (5,'dmFsdWU');
select column2 FROM t1 ORDER BY column1;
column2
aHR0cHM6Ly9naXRodWIuY29tL1NoZWxudXR0Mi9jcnVuY2g=
dmFsdWUy
dmFsdWU
ALTER TABLE t1 ADD COLUMN column3 varchar(255) DEFAULT NULL, ALGORITHM=INPLACE;
select column1, column2, column3 FROM t1 ORDER BY column1;
column1	column2	column3
1	aHR0cHM6Ly9naXRodWIuY29tL1NoZWxudXR0Mi9jcnVuY2g=	NULL
3	dmFsdWUy	NULL
5	dmFsdWU	NULL
show create table t1;
Table	Create Table
t1	CREATE TABLE `t1` (
  `column1` int(11) DEFAULT NULL,
  `column2` varchar(255) DEFAULT NULL,
  `column3` varchar(255) DEFAULT NULL
) ENGINE=Crunch DEFAULT CHARSET=latin1 `CONSOLIDATION_THRESHOLD`=20
ALTER TABLE t1 ADD COLUMN column4 int DEFAULT 10 NOT NULL, ALGORITHM=INPLACE;
select column1, column2, column3, column4 FROM t1 ORDER BY column1;
column1	column2	column3	column4
1	aHR0cHM6Ly9naXRodWIuY29tL1NoZWxudXR0Mi9jcnVuY2g=	NULL	10
3	dmFsdWUy	NULL	10
5	dmFsdWU	NULL	10
show create table t1;
Table	Create Table
t1	CREATE TABLE `t1` (
  `column1` int(11) DEFAULT NULL,
  `column2` varchar(255) DEFAULT NULL,
  `column3` varchar(255) DEFAULT NULL,
  `column4` int(11) NOT NULL DEFAULT 10
) ENGINE=Crunch DEFAULT CHARSET=latin1 `CONSOLIDATION_THRESHOLD`=20
ALTER TABLE t1 ADD COLUMN column5 bigint DEFAULT -113 NOT NULL AFTER column3, ALGORITHM=INPLACE;
select column1, column2, column3, column4, column5 FROM t1 ORDER BY column1;
column1	column2	column3	column4	column5
1	aHR0cHM6Ly9naXRodWIuY29tL1NoZWxudXR0Mi9jcnVuY2g=	NULL	10	-113
3	dmFsdWUy	NULL	10	-113
5	dmFsdWU	NULL	10	-113
show create table t1;
Table	Create Table
t1	CREATE TABLE `t1` (
  `column1` int(11) DEFAULT NULL,
  `column2` varchar(255) DEFAULT NULL,
  `column3` varchar(255) DEFAULT NULL,
  `column5` bigint(20) NOT NULL DEFAULT -113,
  `column4` int(11) NOT NULL DEFAULT 10
) ENGINE=Crunch DEFAULT CHARSET=latin1 `CONSOLIDATION_THRESHOLD`=20
DROP TABLE t1;
# Add Change Column Nullability ALGORITHM=INPLACE
CREATE TABLE t1 (
column1 integer,
column2 varchar(255)
) ENGINE=crunch CONSOLIDATION_THRESHOLD=20;
INSERT INTO t1 VALUES (1,'aHR0cHM6Ly9naXRodWIuY29tL1NoZWxudXR0Mi9jcnVuY2g='), (3,'dmFsdWUy');
select column2 FROM t1 ORDER BY column1;
column2
aHR0cHM6Ly9naXRodWIuY29tL1NoZWxudXR0Mi9jcnVuY2g=
dmFsdWUy
ALTER TABLE t1 MODIFY COLUMN column2 varchar(255) NOT NULL, ALGORITHM=INPLACE;
show create table t1;
Table	Create Table
t1	CREATE TABLE `t1` (
  `column1` int(11) DEFAULT NULL,
  `column2` varchar(255) NOT NULL
) ENGINE=Crunch DEFAULT CHARSET=latin1 `CONSOLIDATION_THRESHOLD`=20
INSERT INTO t1(column1) VALUES (5);
Warnings:
Warning	1364	Field 'column2' doesn't have a default value
select column2 FROM t1 ORDER BY column1;
column2
aHR0cHM6Ly9naXRodWIuY29tL1NoZWxudXR0Mi9jcnVuY2g=
dmFsdWUy

ALTER TABLE t1 MODIFY COLUMN column2 varchar(255) NULL, ALGORITHM=INPLACE;
show create table t1;
Table	Create Table
t1	CREATE TABLE `t1` (
  `column1` int(11) DEFAULT NULL,
  `column2` varchar(255) DEFAULT NULL
) ENGINE=Crunch DEFAULT CHARSET=latin1 `CONSOLIDATION_THRESHOLD`=20
INSERT INTO t1 (column1) VALUES (7);
select column2 FROM t1 ORDER BY column1;
column2
aHR0cHM6Ly9naXRodWIuY29tL1NoZWxudXR0Mi9jcnVuY2g=
dmFsdWUy

NULL
DROP TABLE t1;
# Drop Column ALGORITHM=INPLACE
CREATE TABLE t1 (
column1 integer,
column2 varchar(255)
) ENGINE=crunch CONSOLIDATION_THRESHOLD=20;
INSERT INTO t1 VALUES (1,'aHR0cHM6Ly9naXRodWIuY29tL1NoZWxudXR0Mi9jcnVuY2g='), (3,'dmFsdWUy'), (5,'dmFsdWU');
select column2 FROM t1 ORDER BY column1;
column2
aHR0cHM6Ly9naXRodWIuY29tL1NoZWxudXR0Mi9jcnVuY2g=
dmFsdWUy
dmFsdWU
ALTER TABLE t1 DROP COLUMN column2, ALGORITHM=INPLACE;
select column1 FROM t1 ORDER BY column1;
column1
1
3
5
show create table t1;
Table	Create Table
t1	CREATE TABLE `t1` (
  `column1` int(11) DEFAULT NULL
) ENGINE=Crunch DEFAULT CHARSET=latin1 `CONSOLIDATION_THRESHOLD`=20
DROP TABLE t1;
# Modify column data type ALGORITH=INPLACE
CREATE TABLE t1 (
column1 mediumint,
column2 varchar(255)
) ENGINE=crunch CONSOLIDATION_THRESHOLD=20;
INSERT INTO t1 VALUES (1,'aHR0cHM6Ly9naXRodWIuY29tL1NoZWxudXR0Mi9jcnVuY2g='), (32767,'dmFsdWUy'), (65535,'dmFsdWU');
select column1, column2 from t1;
column1	column2
1	aHR0cHM6Ly9naXRodWIuY29tL1NoZWxudXR0Mi9jcnVuY2g=
32767	dmFsdWUy
65535	dmFsdWU
ALTER TABLE t1 MODIFY COLUMN column1 bigint, ALGORITHM=INPLACE;
show create table t1;
Table	Create Table
t1	CREATE TABLE `t1` (
  `column1` bigint(20) DEFAULT NULL,
  `column2` varchar(255) DEFAULT NULL
) ENGINE=Crunch DEFAULT CHARSET=latin1 `CONSOLIDATION_THRESHOLD`=20
select column1, column2 from t1;
column1	column2
1	aHR0cHM6Ly9naXRodWIuY29tL1NoZWxudXR0Mi9jcnVuY2g=
32767	dmFsdWUy
65535	dmFsdWU
ALTER TABLE t1 MODIFY COLUMN column1 smallint, ALGORITHM=INPLACE;
show create table t1;
Table	Create Table
t1	CREATE TABLE `t1` (
  `column1` smallint(6) DEFAULT NULL,
  `column2` varchar(255) DEFAULT NULL
) ENGINE=Crunch DEFAULT CHARSET=latin1 `CONSOLIDATION_THRESHOLD`=20
select column1, column2 from t1;
column1	column2
1	aHR0cHM6Ly9naXRodWIuY29tL1NoZWxudXR0Mi9jcnVuY2g=
32767	dmFsdWUy
-1	dmFsdWU
ALTER TABLE t1 MODIFY COLUMN column1 mediumint, ALGORITHM=INPLACE;
show create table t1;
Table	Create Table
t1	CREATE TABLE `t1` (
  `column1` mediumint(9) DEFAULT NULL,
  `column2` varchar(255) DEFAULT NULL
) ENGINE=Crunch DEFAULT CHARSET=latin1 `CONSOLIDATION_THRESHOLD`=20
select column1, column2 from t1;
column1	column2
1	aHR0cHM6Ly9naXRodWIuY29tL1NoZWxudXR0Mi9jcnVuY2g=
32767	dmFsdWUy
65535	dmFsdWU
DROP TABLE t1;
