#
# The purpose of this test is to build a table of each supported data type
#
# INTEGER
CREATE TABLE t1 (
column1 integer
) ENGINE=crunch;
INSERT INTO t1 VALUES (1);
select * FROM t1;
column1
1
DROP TABLE t1;
# DOUBLE
CREATE TABLE t1 (
column1 double
) ENGINE=crunch;
INSERT INTO t1 VALUES (1.1);
select * FROM t1;
column1
1.1
DROP TABLE t1;
# DECIMAL
CREATE TABLE t1 (
column1 decimal(10,3)
) ENGINE=crunch;
INSERT INTO t1 VALUES (1.1);
select * FROM t1;
column1
1.100
DROP TABLE t1;
# FLOAT
CREATE TABLE t1 (
column1 float
) ENGINE=crunch;
INSERT INTO t1 VALUES (1.1);
select * FROM t1;
column1
1.1
DROP TABLE t1;
# TINYINT
CREATE TABLE t1 (
column1 tinyint
) ENGINE=crunch;
INSERT INTO t1 VALUES (1);
select * FROM t1;
column1
1
DROP TABLE t1;
# BOOL
CREATE TABLE t1 (
column1 bool
) ENGINE=crunch;
INSERT INTO t1 VALUES (1);
select * FROM t1;
column1
1
DROP TABLE t1;
# SMALLINT
CREATE TABLE t1 (
column1 smallint
) ENGINE=crunch;
INSERT INTO t1 VALUES (1);
select * FROM t1;
column1
1
DROP TABLE t1;
# MEDIUMINT
CREATE TABLE t1 (
column1 mediumint
) ENGINE=crunch;
INSERT INTO t1 VALUES (1);
select * FROM t1;
column1
1
DROP TABLE t1;
# BIGINT
CREATE TABLE t1 (
column1 bigint
) ENGINE=crunch;
INSERT INTO t1 VALUES (1);
select * FROM t1;
column1
1
DROP TABLE t1;
# YEAR
CREATE TABLE t1 (
column1 year
) ENGINE=crunch;
INSERT INTO t1 VALUES (2017);
select * FROM t1;
column1
2017
DROP TABLE t1;
# BIT
CREATE TABLE t1 (
column1 bit
) ENGINE=crunch;
INSERT INTO t1 VALUES (1);
select column1+0 FROM t1;
column1+0
1
DROP TABLE t1;
# CHAR
CREATE TABLE t1 (
column1 char
) ENGINE=crunch;
INSERT INTO t1 VALUES ("t");
select * FROM t1;
column1
t
DROP TABLE t1;
# VARCHAR
CREATE TABLE t1 (
column1 varchar(255)
) ENGINE=crunch;
INSERT INTO t1 VALUES ("test");
select * FROM t1;
column1
test
DROP TABLE t1;
# BINARY
CREATE TABLE t1 (
column1 binary
) ENGINE=crunch;
INSERT INTO t1 VALUES ("t");
select * FROM t1;
column1
t
DROP TABLE t1;
# ENUM
CREATE TABLE t1 (
column1 enum('test')
) ENGINE=crunch;
INSERT INTO t1 VALUES ("test");
select * FROM t1;
column1
test
DROP TABLE t1;
# DATETIME
CREATE TABLE t1 (
column1 DATETIME
) ENGINE=crunch;
INSERT INTO t1 VALUES ("2017-08-13 00:00:00");
select * FROM t1;
column1
2017-08-13 00:00:00
DROP TABLE t1;
# DATETIME(6)
CREATE TABLE t1 (
column1 DATETIME(6)
) ENGINE=crunch;
INSERT INTO t1 VALUES ("2017-08-13 00:00:00.000000");
select * FROM t1;
column1
2017-08-13 00:00:00.000000
DROP TABLE t1;
# TIME
CREATE TABLE t1 (
column1 TIME
) ENGINE=crunch;
INSERT INTO t1 VALUES ("00:00:00");
select * FROM t1;
column1
00:00:00
DROP TABLE t1;
# TIME(6)
CREATE TABLE t1 (
column1 TIME(6)
) ENGINE=crunch;
INSERT INTO t1 VALUES ("00:00:00.000000");
select * FROM t1;
column1
00:00:00.000000
DROP TABLE t1;
# TIMESTAMP
CREATE TABLE t1 (
column1 TIMESTAMP
) ENGINE=crunch;
INSERT INTO t1 VALUES ("2017-08-13 00:00:00");
select * FROM t1;
column1
2017-08-13 00:00:00
DROP TABLE t1;
# TIMESTAMP(6)
CREATE TABLE t1 (
column1 TIMESTAMP(6)
) ENGINE=crunch;
INSERT INTO t1 VALUES ("2017-08-13 00:00:00.000000");
select * FROM t1;
column1
2017-08-13 00:00:00.000000
DROP TABLE t1;
# TINYTEXT
CREATE TABLE t1 (
column1 TINYTEXT
) ENGINE=crunch;
INSERT INTO t1 VALUES ("test");
select * FROM t1;
column1
test
DROP TABLE t1;
# TEXT
CREATE TABLE t1 (
column1 TEXT
) ENGINE=crunch;
INSERT INTO t1 VALUES ("test");
select * FROM t1;
column1
test
DROP TABLE t1;
# MEDIUMTEXT
CREATE TABLE t1 (
column1 MEDIUMTEXT
) ENGINE=crunch;
INSERT INTO t1 VALUES ("test");
select * FROM t1;
column1
test
DROP TABLE t1;
# LONGTEXT
CREATE TABLE t1 (
column1 LONGTEXT
) ENGINE=crunch;
INSERT INTO t1 VALUES ("test");
select * FROM t1;
column1
test
DROP TABLE t1;
# TINYBLOB
CREATE TABLE t1 (
column1 TINYBLOB
) ENGINE=crunch;
INSERT INTO t1 VALUES ('aHR0cHM6Ly9naXRodWIuY29tL1NoZWxudXR0Mi9jcnVuY2g=');
select * FROM t1;
column1
aHR0cHM6Ly9naXRodWIuY29tL1NoZWxudXR0Mi9jcnVuY2g=
DROP TABLE t1;
# BLOB
CREATE TABLE t1 (
column1 BLOB
) ENGINE=crunch;
INSERT INTO t1 VALUES ('aHR0cHM6Ly9naXRodWIuY29tL1NoZWxudXR0Mi9jcnVuY2g=');
select * FROM t1;
column1
aHR0cHM6Ly9naXRodWIuY29tL1NoZWxudXR0Mi9jcnVuY2g=
DROP TABLE t1;
# MEDIUMBLOB
CREATE TABLE t1 (
column1 MEDIUMBLOB
) ENGINE=crunch;
INSERT INTO t1 VALUES ('aHR0cHM6Ly9naXRodWIuY29tL1NoZWxudXR0Mi9jcnVuY2g=');
select * FROM t1;
column1
aHR0cHM6Ly9naXRodWIuY29tL1NoZWxudXR0Mi9jcnVuY2g=
DROP TABLE t1;
# LONGBLOB
CREATE TABLE t1 (
column1 LONGBLOB
) ENGINE=crunch;
INSERT INTO t1 VALUES ('aHR0cHM6Ly9naXRodWIuY29tL1NoZWxudXR0Mi9jcnVuY2g=');
select * FROM t1;
column1
aHR0cHM6Ly9naXRodWIuY29tL1NoZWxudXR0Mi9jcnVuY2g=
DROP TABLE t1;
